video_url,user_url,username,title,view_num,created_at,shortdesc,collected_at
/watch?v=HmKKy0zD-uw&pp=ygUJdXcgY2FtcHVz,/@hafu,Hafu Go,What's It Like Inside University of Washington? | UW Campus Crawl Tour,467K,5 years,Take a peek inside the MAGICAL college campus of the University of Washington in Seattle! Give Feedback On Campus Crawl¬†...,2026-01-22 07:18:55.093588
/watch?v=klDLZ6mAS1k&pp=ygUJdXcgY2FtcHVz,/@CampusMania,CampusMania,University of Washington | UW | 4K Campus Drone Tour,71K,3 years,A shortened version of our University of Washington campus tour in 4K! Watch our full tour of UW campus in 8K from here:¬†...,2026-01-22 07:18:55.095700
/watch?v=WzJc75S-LzY&pp=ygUJdXcgY2FtcHVz,/@universityofwashington,UW (University of Washington),UW Campus Tour: Hear It from a Husky,146K,10 years,Follow UW student Joe Santiago as he shows you around the University of Washington's Seattle campus and shares his tips¬†...,2026-01-22 07:18:55.097488
/watch?v=l7QcjMv3LsY&pp=ygUJdXcgY2FtcHVz,/@POVTrips,POV Trips,University of Washington Tour | UW Campus Tour | Seattle POV Walk in 4K,2.8K,1 month,Discover the stunning University of Washington campus in Seattle in this 4K POV walking tour with natural ambient sound and no¬†...,2026-01-22 07:18:55.098725
/watch?v=Y-cn6v6VGj4&pp=ygUJdXcgY2FtcHVz0gcJCYcKAYcqIYzv,/@CampusMania,CampusMania,University of Washington | UW | 8K Campus Drone Tour,43K,4 years,An 8K tour of University of Washington campus! Check below for selected chapters of the video. Washington Universities Playlist:¬†...,2026-01-22 07:18:55.100800
/watch?v=OMcXkXn47UQ&pp=ygUJdXcgY2FtcHVz,/@universityofwashington,UW (University of Washington),UW Campus Tour: Hidden Gems,37K,7 years,"UW campus tour guide Liam shows off some of the best kept secrets on campus for studying, hanging out or quiet reflection.",2026-01-22 07:19:01.958802
/watch?v=D4R-YZ-VZhQ&pp=ygUJdXcgY2FtcHVz,/@adamgresch,Adam Gresch,Why You Should Go to the University of Washington,164K,7 years,A peek into what actually makes the University of Washington such a great place to go to school. Hint: It's not all the usual stuff you¬†...,2026-01-22 07:19:01.960827
/watch?v=jW_aLch4NVg&pp=ygUJdXcgY2FtcHVz0gcJCYcKAYcqIYzv,/@SeattlestheCity4K,Seattle's the City! Walking Tours and Events,4K UW Campus Walking Tour | University of Washington First Day of School 2025 #seattle #fall #uw,807,3 months,Join me for a 4K walking tour of the University of Washington (UW) campus in Seattle on the first day of school 2025!,2026-01-22 07:19:01.962269
/watch?v=dZcM0cT9Nvw&pp=ygUJdXcgY2FtcHVz,/@universityofwashington,UW (University of Washington),UW Campus Tour: West Campus Residence Halls,85K,7 years,"UW campus tour guide Jackie shows off west campus residence hall attractions, including spaces in and around Maple, Alder and¬†...",2026-01-22 07:19:01.966208
/watch?v=cnn4MZZ5H_A&pp=ygUJdXcgY2FtcHVz,/@idkpayton,payton!,a day in the life of a university of washington student üíú | mcmahon hall dorm tour!,26K,1 year,big thank you to quinlan for taking me along with him to uni for the day and emberlee for showing me her dorm in mcmahon hall!!,2026-01-22 07:19:01.967593
/watch?v=c8WeII08hEk&pp=ygUJdXcgY2FtcHVz,/@ProwalkTours,Prowalk Tours,"University of Washington Campus Tour üå∏ Cherry Blossoms in The Quad - Seattle, WA",12K,9 months,Enjoy a colorful walk through the beautiful University of Washington campus in Seattle during peak cherry blossom season.,2026-01-22 07:19:01.969039
/watch?v=gOmiwd2HS_c&pp=ygUJdXcgY2FtcHVz,/@UWVideo,UW Video,University of Washington Campus Tour,481K,13 years,"Check out the University of Washington's main campus, with a look at the natural beauty and architectural wonders that make the¬†...",2026-01-22 07:19:01.970440
/watch?v=eArtrDFSF24&t=279s&pp=ygUJdXcgY2FtcHVz,/@TaylorQuynh,Taylor Quynh,Pros and Cons of the University of Washington,59K,4 years,A quick video on some of the pros and cons I've found at the UW over the past two years. Please make sure to like and subscribe!,2026-01-22 07:19:01.974168
/watch?v=Crc8BhZ0WcQ&pp=ygUJdXcgY2FtcHVz,/@NataliaReneee,Natalia Renee,Day in the Life as a Freshman at The University of Washington! *2025*,4.4K,9 months,spend a day with me to get insight on what it's like attending the University of Washington   socials: insta: @nataliarnandez I¬†...,2026-01-22 07:19:01.975414
/watch?v=QGQv8vv4KQg&pp=ygUJdXcgY2FtcHVz,/@universityofwashington,UW (University of Washington),Why come to the University of Washington?,1.4M,1 year,"Get to know the University of Washington, rated one of the top public universities in the world. Are you ready to be a Husky?",2026-01-22 07:19:01.976639
/watch?v=dCGh9XhNxMI&pp=ygUJdXcgY2FtcHVz,/@R247Success,R247 Success,The University of Washington System | All 3 Campuses,6.8K,2 years,The University of Washington System. University of Washington Campus Tour. University of Washington Seattle. University of¬†...,2026-01-22 07:19:01.980013
/watch?v=f_6opswUTtY&pp=ygUJdXcgY2FtcHVz,/@purpleguac,Purple Guac,UW TALKS: What You Need to Know About the University Of Washington,20K,5 years,"UW Talks Episode 1. We are seniors in college with differing backgrounds, experiences, and career paths. We came together to¬†...",2026-01-22 07:19:01.983211
/watch?v=nrvGKqFzQJA&pp=ygUJdXcgY2FtcHVz,/@universityofwashington,UW (University of Washington),Why come to the University of Washington? (:30),18M,1 year,"Get to know the University of Washington, rated one of the top public universities in the world. Are you ready to be a Husky?",2026-01-22 07:19:01.985582
/watch?v=BvISoFbXMRI&pp=ygUJdXcgY2FtcHVz,/@fox13seattle,FOX 13 Seattle,Mob of students chases person accused of Nazi salute at UW | FOX 13 Seattle,77K,3 months,"University of Washington police arrested an individual Wednesday after they allegedly entered a classroom, made a Nazi salute,¬†...",2026-01-22 07:19:09.178119
/watch?v=YQ-jjrPPpzU&pp=ygUJdXcgY2FtcHVz,/@universityofwashington,UW (University of Washington),UW Campus Tour: Athletic Events,28K,7 years,"Interested in taking in the action at a Huskies football game? How about women's basketball? Tennis? We cover all that and more,¬†...",2026-01-22 07:19:09.180093
/watch?v=BiPjVs6Dugs&pp=ygUJdXcgY2FtcHVz,/@YTVCOYOuniversityTVSpokai,"YTV CO | YOuniversityTV, Spokai",The University of Wisconsin - Madison Campus Tour,210K,6 years,Watch the college campus video tour of The University of Wisconsin - Madison See more College content at¬†...,2026-01-22 07:19:09.181405
/watch?v=T7T87LRNJg8&pp=ygUJdXcgY2FtcHVz0gcJCYcKAYcqIYzv,/@DanhLuong,Danh Luong,A day in my life at the University of Washington | Computer Science major | Cherry Blossom at UW,39K,3 years,[ENGSUB] [VIETSUB] I went back to the University of Washington to meet up with some friends and enjoy student life once again.,2026-01-22 07:19:09.183203
/watch?v=iX5lXpjjFzs&pp=ygUJdXcgY2FtcHVz,/@uwmadison,UW-Madison,Why UW‚ÄìMadison?,5.9K,1 year,Badgers tell us why they chose to come to UW‚ÄìMadison over anywhere else!,2026-01-22 07:19:09.184401
/watch?v=7Z1y6F4FJW4&pp=ygUJdXcgY2FtcHVz,/@nancyhe,Nancy He ‰ΩïÂçóÂ∏å,üíódorm room tourüíó| university of washington,19K,2 years,dormtour #universityofwashington #seattle The long-awaited University of Washington dorm tour is finally here!! Sorry for the wait¬†...,2026-01-22 07:19:09.186039
/watch?v=Otv034NAG8s&pp=ygUJdXcgY2FtcHVz0gcJCYcKAYcqIYzv,/@universityofwashington,UW (University of Washington),UW Campus Tour: IMA,59K,7 years,"The UW's Intramural Activities building is the spot on campus if you're looking for a complete workout, as well as the place for¬†...",2026-01-22 07:19:09.188789
/watch?v=g--93OS0498&pp=ygUJdXcgY2FtcHVz,/@nancyhe,Nancy He ‰ΩïÂçóÂ∏å,DAY IN MY LIFE @ the University of Washington // freshman,37K,3 years,"dayinthelife #universityofwashington #collegevlog welcome everyone to, I think, my favorite video I've ever filmed/edited ever!",2026-01-22 07:19:09.190152
/watch?v=X5PLCWTsgBA&pp=ygUJdXcgY2FtcHVz,/@universityofwashington,UW (University of Washington),Ask UW Admissions! Six frequent admissions questions answered,10K,10 months,"In this video, Paul Seegert, Director of Admissions for the University of Washington's campus in Seattle, answers six commonly¬†...",2026-01-22 07:19:09.191460
/watch?v=nAuG0PGScFA&pp=ygUJdXcgY2FtcHVz,/@uwosh,University of Wisconsin-Oshkosh,A walk through UW Oshkosh Campus,3K,8 years,A walk from UW Oshkosh's Arts and Communications Center to Horizon Village.,2026-01-22 07:19:09.193582
/shorts/-q6X5itFQvg,/@uwbothell,UW Bothell,From Shy to Thriving: How UW Bothell Helped Me Find My Voice | 60 sec - vertical,431,6 months,What happens when an introvert takes a leap into college life? Follow this business student's journey from quiet newcomer to¬†...,2026-01-22 07:19:09.194830
/shorts/--J1EvWlvxQ,/@CampusMania,CampusMania,University of Washington Campus Tour,7.2K,1 year,A quick 4K tour of UW campus! Check out the full tour from here: https://youtu.be/klDLZ6mAS1k?si=nRER4ae-6OuIzHdC The¬†...,2026-01-22 07:19:09.196090
/shorts/MwlZiZuqEhI,/@ReasonTV,ReasonTV,What we saw at the UW antifa Palestine protest,635K,1 year,Reason went to the University of Washington campus to report on the antifa protest of Charlie Kirk and here's what we saw.,2026-01-22 07:19:09.197741
/watch?v=BIWAo4DKyLo&pp=ygUJdXcgY2FtcHVz,/@universityofwashington,UW (University of Washington),University of Washington student 'move-in' 2023,8.9K,2 years,"From September 19th to 22nd, thousands of UW students move into campus housing and prepare for the new academic year.",2026-01-22 07:19:09.199054
/watch?v=HQ2BiY1FqCA&pp=ygUJdXcgY2FtcHVz,/@UWHFS,UWHFS,#HuskyHome | UW Residential Housing Tour,92K,6 years,Make sure you like and subscribe for more content coming soon! To learn more about University of Washington's Housing & Food¬†...,2026-01-22 07:19:09.200652
/watch?v=PceuSD7syMs&pp=ygUJdXcgY2FtcHVz,/@UWHFS,UWHFS,UW HFS | How To Move In To The UW,40K,3 years,Make sure you like and subscribe for more content coming soon! To learn more about University of Washington's Housing & Food¬†...,2026-01-22 07:19:09.201922
/shorts/YUeW12uB_9g,/@Tips-For-Students,Tips For Students,Pros & Cons of the University of Washington,5.6K,1 year,"Thinking about the University of Washington? Here's a quick look at what you should know! Discover the beautiful campus, lively¬†...",2026-01-22 07:19:09.203322
/watch?v=VOxKRjMyS3k&pp=ygUJdXcgY2FtcHVz,/@PNW4K,PNW 4K,"Bike Around the UW: A Full Campus Tour + U-Village | University of Washington, Seattle, WA",685,2 years,"Welcome to the University of Washington, one of the most beautiful and prestigious campuses in the country! In this video, I'll¬†...",2026-01-22 07:19:09.205278
/shorts/S_z3Qnpwx4s,/@keenanreed5341,Keenan Reed,UW Bothell Campus Stroll,1.4K,2 years,Strolling through UW's Bothell Campus.,2026-01-22 07:19:17.332042
/watch?v=Dznf25Lwbp0&pp=ygUJdXcgY2FtcHVz,/@chloeiewis,Chloe Lewis,COLLEGE DORM TOUR üíúüíõ (my freshman year in a UW double dorm),1.2K,1 year,UW seattle dorm tour!!! this year i'm living on the west campus in a double room with a private bath - i only showed my side and¬†...,2026-01-22 07:19:17.337647
/shorts/cRbBTiW_pXk,/@VidVista-2327,Vid Vista,"UNIVERSITY OF WASHINGTON, SEATTLE #travel #university #washington #seattle #shorts #reels #facts",12K,1 year,Discover the University of Washington Seattle: From its stunning campus views to iconic landmarks like the Drumheller Fountain¬†...,2026-01-22 07:19:17.342163
/watch?v=xz4shIjbiu0&pp=ygUJdXcgY2FtcHVz,/@CampusMania,CampusMania,"University of Wisconsin, Madison | UW‚ÄìMadison | 4K Campus Walking Tour",29K,2 years,"A 4K relaxing walk at University of Wisconsin-Madison campus! The University of Wisconsin‚ÄìMadison (University of Wisconsin,¬†...",2026-01-22 07:19:17.343657
/shorts/XhQ_58ikkcA,/@greaterseattlepartners,Greater Seattle Partners,University of Washington Fast Facts,10K,1 year,Recently @Reuters ranked the @universityofwashington number one most innovative university in the entire world. That makes a¬†...,2026-01-22 07:19:17.344984
/watch?v=qV75d1Q7jBM&pp=ygUJdXcgY2FtcHVz,/@universityofwashington,UW (University of Washington),Cherry Blossoms 101 from a UW student tour guide,20K,2 years,UW student tour guide Sydney Colescott takes us to the Quad on the University of Washington campus where the cherry blossoms¬†...,2026-01-22 07:19:17.350244
/watch?v=Ncn6WaNLdog&pp=ygUJdXcgY2FtcHVz,/@universityofwashington,UW (University of Washington),UW custodians on the front lines of UW campus 'deep clean',2.9K,5 years,This video was produced by Kiyomi Taguchi for UW News. Read more:¬†...,2026-01-22 07:19:17.351774
/shorts/wGk3ooRYA2M,/@MichaelMReacts,Michael M Reacts,Charlie Kirk college is a scam Washington State University UW campus,15K,1 year,Charlie Kirk college is a scam Washington State University UW campus #charliekirk.,2026-01-22 07:19:17.353027
/watch?v=gL4WY8MVm-w&pp=ygUJdXcgY2FtcHVz,/@universityofwashington,UW (University of Washington),UW welcomes students back to campus housing for fall 2025,1.3K,4 months,Read more at https://www.washington.edu/news/,2026-01-22 07:19:17.354350
/watch?v=XFMlmKquvgI&pp=ygUJdXcgY2FtcHVz,/@KING5Seattle,KING 5 Seattle,UW students confront man who disrupted lecture with Nazi salute,38K,3 months,A man interrupted a UW psychology class with a Nazi salute; students quickly pushed him out.,2026-01-22 07:19:17.357623
/watch?v=VbPmZBmWmIk&pp=ygUJdXcgY2FtcHVz,/@PNW4K,PNW 4K,"Driving Tour of the University District, UW Campus | Seattle, WA",1K,2 years,"Route map: https://goo.gl/maps/DEchaDcTFGaMbDJS9 Join me as I take you on a driving tour of the University District, UW¬†...",2026-01-22 07:19:17.359362
/watch?v=hFeh69aIPss&pp=ygUJdXcgY2FtcHVz,/@uwhousing,UW-Madison Housing,#LiveWithBucky Tours: Residence Halls,13K,2 years,Join UW-Madison University Housing Ambassador Suzy as she takes you on a #LiveWithBucky Tour of the University Residence¬†...,2026-01-22 07:19:17.360694
/watch?v=YjdBjpqecjI&pp=ygUJdXcgY2FtcHVz,/@UW_Athletics,UW Athletics,"Washington 81, Penn State 65 | Huskies Highlights",56,2 hours,"Washington women's basketball played oustanding offense against Penn State, with Sayvia Sellers, Brynn McGaughy, and Avery¬†...",2026-01-22 07:19:17.361818
/watch?v=Lz1-w0KMtWE&pp=ygUJdXcgY2FtcHVz,/@komonews,KOMO News,"UW Tacoma plans residential, dining hall project",527,1 month,UW Tacoma is seeking a developer to help the campus expand with student housing and a dining development project. The UW¬†...,2026-01-22 07:19:17.363025
/watch?v=wxDjnCdtuNA&pp=ygUJdXcgY2FtcHVz,/@UWVideo,UW Video,UW Timeline: University of Washington Founded 1861,873,13 years,"Seattle pioneers Arthur Denny, Edward Lander and Charles Terry endowed the first ten acres of land to found the Territorial¬†...",2026-01-22 07:19:26.937947
/watch?v=2jy_OTWH4K0&pp=ygUJdXcgY2FtcHVz,/@27NewsWKOW,WKOW 27 NEWS,UW-Platteville to cease operations on Baraboo Sauk County campus,110,3 months,UW-Platteville Baraboo Sauk County campus closing.,2026-01-22 07:19:26.939445
/watch?v=xdxixksMeJg&pp=ygUJdXcgY2FtcHVz,/@uwhousing,UW-Madison Housing,#EatWithBucky in UW-Madison Housing Dining & Culinary Services,3.3K,2 years,UW-Madison Housing Dining & Culinary Services serves the residents of the University Residence Halls as well as all¬†...,2026-01-22 07:19:26.942142
/shorts/ts2a1LdWuSE,/@therethisthat,ThereThisThat,"Christmas Season at University of Washington | University Campus Seattle, WA | #travel #walkthrough",7.7K,1 year,"The cozy season has begun at University Village, Seattle, WA. The trees, lights, and Christmas merch is out at most stores.",2026-01-22 07:19:26.943454
/watch?v=dVh2yStC6HE&pp=ygUJdXcgY2FtcHVz,/@UWcas,UW College of Arts & Sciences,Campus Time Capsule: Original Pieces of UW,210,14 years,"Much of the University's history is reflected in its grounds and buildings. This tour gives a brief overview of that history,¬†...",2026-01-22 07:19:26.944609
/watch?v=FMwQGZKu8pg&pp=ygUJdXcgY2FtcHVz,/@Channel3000,Channel 3000 / News 3 Now,UW students protest university's response to racist video,1.2K,2 years,UW students marched on campus Wednesday as they call for the university to do more about a student's racist video.,2026-01-22 07:19:26.945856
/shorts/SNEMFYPMPTU,/@komonews,KOMO News,"UW ends suspensions from IEB takeover, vandalism but no charges filed",1.3K,1 day,The University of Washington says suspensions have ended for students involved in a violent takeover and vandalism inside the¬†...,2026-01-22 07:19:26.947127
/watch?v=AXkqzjIQMCc&pp=ygUJdXcgY2FtcHVz,/@komonews,KOMO News,UW hires law firm to review student conduct policies,1K,2 months,The way disciplinary issues are handled at the University of Washington could undergo a top-to-bottom overhaul now that an¬†...,2026-01-22 07:19:26.948324
/shorts/XwkcBL1kfRs,/@uwstoutvideos,University of Wisconsin-Stout,POV: It's college move-in day | UW-Stout,2.7K,2 years,"It's just the best day ever. UW-Stout is more than your average four-year university. Our unique hands-on, career-focused¬†...",2026-01-22 07:19:26.949588
/watch?v=SR9uTnOS8A0&pp=ygUJdXcgY2FtcHVz,/@KING5Seattle,KING 5 Seattle,UW adds unarmed security officers near campus in an effort to increase safety,2.2K,3 years,The University of Washington (UW) is adding more security patrols in the University District as part of its plan to improve safety¬†...,2026-01-22 07:19:26.950745
/shorts/hbnWAub6Q0U,/@SeattleChannel21,Seattle Channel,The fair that helped create the UW campus,545,3 months,"On this day in 1909, Seattle's first World's Fair ended after drawing more than three million visitors. Its lasting gift? The beautiful¬†...",2026-01-22 07:19:26.951874
/watch?v=nvvICVJaqHQ&pp=ygUJdXcgY2FtcHVz,/@wmtv15news,"WMTV | News, Weather & Sports","UW Madison educates freshmen, transfers on campus land history",14,1 year,"Before freshmen hit the classrooms, the university educated students on the land they will be walking on for the next four years.",2026-01-22 07:19:26.953023
/watch?v=PB_F6_g4zvM&pp=ygUJdXcgY2FtcHVz0gcJCYcKAYcqIYzv,/@komonews,KOMO News,Student housing project at UW faces backlash over removal of 166 mature trees,2.9K,2 months,"The construction projects are at two locations near the UW campus, just a couple of blocks apart. Blakeley Village is at 4747 30th¬†...",2026-01-22 07:19:26.954354
/watch?v=NIcE-2he-Gg&pp=ygUJdXcgY2FtcHVz,/@uw-milwaukee,UW-Milwaukee,"UW-Milwaukee Online | Top-Ranked Programs, Flexible Learning",19,9 hours,"At UW-Milwaukee, online learning is built for real life ‚Äì work, family and everything in between. UW-Milwaukee delivers¬†...",2026-01-22 07:19:26.955510
/watch?v=TmtDJ8hX3hg&pp=ygUJdXcgY2FtcHVz,/@UWLawSeattle,UW School of Law,The UW Law Experience,893,6 months,Discover what sets UW Law apart from other law schools and why students across the country ‚Äî and the globe ‚Äî choose it when¬†...,2026-01-22 07:19:26.956637
/watch?v=hrTdzTxjsQc&pp=ygUJdXcgY2FtcHVz,/@UWMadSoHE,University of Wisconsin: School of Human Ecology,Interior Architecture at the UW-Madison School of Human Ecology,7.6K,9 years,Discover how you can blend a love of art and design into a career that helps people live better lives. At the UW-Madison School of¬†...,2026-01-22 07:19:26.957740
/watch?v=z-osCvm23m4&pp=ygUJdXcgY2FtcHVz,/@uwriverfalls,University of Wisconsin-River Falls,UW-River Falls Overview,276,3 months,Take a peek at what our campus is like and what it's like to be a Falcon.,2026-01-22 07:19:26.958871
/watch?v=HQ2BiY1FqCA&pp=ygUddW5pdmVyc2l0eSBvZiB3YXNoaW5ndG9uIGRvcm3SBwkJhwoBhyohjO8%3D,/@UWHFS,UWHFS,#HuskyHome | UW Residential Housing Tour,92K,6 years,Make sure you like and subscribe for more content coming soon! To learn more about University of Washington's Housing & Food¬†...,2026-01-22 07:19:44.079141
/watch?v=dZcM0cT9Nvw&pp=ygUddW5pdmVyc2l0eSBvZiB3YXNoaW5ndG9uIGRvcm0%3D,/@universityofwashington,UW (University of Washington),UW Campus Tour: West Campus Residence Halls,85K,7 years,"UW campus tour guide Jackie shows off west campus residence hall attractions, including spaces in and around Maple, Alder and¬†...",2026-01-22 07:19:44.081332
/watch?v=Dznf25Lwbp0&pp=ygUddW5pdmVyc2l0eSBvZiB3YXNoaW5ndG9uIGRvcm3SBwkJhwoBhyohjO8%3D,/@chloeiewis,Chloe Lewis,COLLEGE DORM TOUR üíúüíõ (my freshman year in a UW double dorm),1.2K,1 year,UW seattle dorm tour!!! this year i'm living on the west campus in a double room with a private bath - i only showed my side and¬†...,2026-01-22 07:19:44.082827
/watch?v=grV2rONv_fY&pp=ygUddW5pdmVyc2l0eSBvZiB3YXNoaW5ndG9uIGRvcm0%3D,/@surabhisyt,surabhi,COLLEGE DORM MOVE IN VLOG @ university of washington *freshman year*,7.6K,1 year,"hey guys! so sorry for how delayed this video is, i've been really busy with college however, i still wanted to share it with you¬†...",2026-01-22 07:19:44.085596
/watch?v=cnn4MZZ5H_A&pp=ygUddW5pdmVyc2l0eSBvZiB3YXNoaW5ndG9uIGRvcm0%3D,/@idkpayton,payton!,a day in the life of a university of washington student üíú | mcmahon hall dorm tour!,26K,1 year,big thank you to quinlan for taking me along with him to uni for the day and emberlee for showing me her dorm in mcmahon hall!!,2026-01-22 07:19:44.087372
/watch?v=okIKKVneQj4&pp=ygUddW5pdmVyc2l0eSBvZiB3YXNoaW5ndG9uIGRvcm0%3D,/@alyssalecca3608,Alyssa Lecca,UW Dorm Tour 2021 - Elm Hall,6.7K,4 years,Subscribe to for more college dorm tours and travel videos! ‚Äã@alyssalecca3608.,2026-01-22 07:19:44.089335
/watch?v=hcTvZ3cuwBs&pp=ygUddW5pdmVyc2l0eSBvZiB3YXNoaW5ndG9uIGRvcm0%3D,/@fionaluna6870,Fiona Luna,University of Washington Dorm Tour,11K,5 years,Hi! My name is Fiona and I am a 21-year-old nursing student at the University of Washington. This is a video is a tour of my dorm¬†...,2026-01-22 07:19:44.091866
/watch?v=Crc8BhZ0WcQ&pp=ygUddW5pdmVyc2l0eSBvZiB3YXNoaW5ndG9uIGRvcm0%3D,/@NataliaReneee,Natalia Renee,Day in the Life as a Freshman at The University of Washington! *2025*,4.4K,9 months,spend a day with me to get insight on what it's like attending the University of Washington   socials: insta: @nataliarnandez I¬†...,2026-01-22 07:19:44.094155
/watch?v=BIWAo4DKyLo&pp=ygUddW5pdmVyc2l0eSBvZiB3YXNoaW5ndG9uIGRvcm3SBwkJhwoBhyohjO8%3D,/@universityofwashington,UW (University of Washington),University of Washington student 'move-in' 2023,8.9K,2 years,"From September 19th to 22nd, thousands of UW students move into campus housing and prepare for the new academic year.",2026-01-22 07:19:44.095382
/watch?v=J0Ha0tHz2CI&pp=ygUddW5pdmVyc2l0eSBvZiB3YXNoaW5ndG9uIGRvcm3SBwkJhwoBhyohjO8%3D,/@JoshSlavin,Josh Slavin,#1 Rated College Dorm Tour - WashU in St. Louis!,52K,3 years,A tour of the number 1 rated dorm room in the US at Washington University in St. Louis!,2026-01-22 07:19:44.098534
/watch?v=7Z1y6F4FJW4&pp=ygUddW5pdmVyc2l0eSBvZiB3YXNoaW5ndG9uIGRvcm0%3D,/@nancyhe,Nancy He ‰ΩïÂçóÂ∏å,üíódorm room tourüíó| university of washington,19K,2 years,dormtour #universityofwashington #seattle The long-awaited University of Washington dorm tour is finally here!! Sorry for the wait¬†...,2026-01-22 07:19:44.101117
/watch?v=ZQJ2oaDMfLs&pp=ygUddW5pdmVyc2l0eSBvZiB3YXNoaW5ndG9uIGRvcm0%3D,/@UWHFS,UWHFS,"UW HFS | Triple Room, Private Bath 360¬∞ Tour",43K,6 years,"To learn more about University of Washington's Housing & Food Services, visit our website here: https://hfs.uw.edu/ FACEBOOK¬†...",2026-01-22 07:19:44.103616
/watch?v=A03zS8VsTQU&pp=ygUddW5pdmVyc2l0eSBvZiB3YXNoaW5ndG9uIGRvcm0%3D,/@Sincerelylaure,Sincerelylaure,COLLEGE DORM TOUR 2020 | University of Washington (freshman year),43K,5 years,"hi here's my long-awaited dorm tour!! thank you so much for watching, cya in my next video. i hope you all have an amazing day¬†...",2026-01-22 07:19:44.106172
/watch?v=miO5fPKBNSI&pp=ygUddW5pdmVyc2l0eSBvZiB3YXNoaW5ndG9uIGRvcm0%3D,/@dobochobo,dobochobo,COLLEGE MOVE IN DAY // freshman @ university of washington!,932K,4 years,"the day has finally come! a semi-anticlimactic vlog of the first step in my ""adulting"" (if this even counts haha) life. me? adult? who¬†...",2026-01-22 07:19:44.107571
/watch?v=Za45a8O9zyk&pp=ygUddW5pdmVyc2l0eSBvZiB3YXNoaW5ndG9uIGRvcm0%3D,/@rileyjosephpierce,riley pierce,freshman dorm tour @ university of washington,7K,2 years,i'm so excited to be living on campus and attending uw! I've had so much fun and I hope you enjoy this tour of my freshman year¬†...,2026-01-22 07:19:44.108844
/watch?v=JLafA9i1cJE&pp=ygUddW5pdmVyc2l0eSBvZiB3YXNoaW5ndG9uIGRvcm0%3D,/@nancyhe,Nancy He ‰ΩïÂçóÂ∏å,COLLEGE MOVE IN DAY | University of Washington (freshman),29K,3 years,"collegemovein #movingout #dormroom #universityofwashington The video you've all been waiting for! In this video, I moved into a¬†...",2026-01-22 07:19:44.111702
/watch?v=JE-Gw8C4ULk&pp=ygUddW5pdmVyc2l0eSBvZiB3YXNoaW5ndG9uIGRvcm0%3D,/@itsheatherleung,itsheatherleung,college dorm MOVE-IN day 2021 *UNIVERSITY OF WASHINGTON*,20K,4 years,"hiya, move into my college dorm with me at University of Washington on west campus for spring quarter as a freshman!! added a¬†...",2026-01-22 07:19:44.113363
/watch?v=svro74-gsPQ&pp=ygUddW5pdmVyc2l0eSBvZiB3YXNoaW5ndG9uIGRvcm0%3D,/@universityofwashington,UW (University of Washington),UW students move into campus housing during Husky Move-In week 2024,4.5K,1 year,Mild fall temperatures this week helped welcome the first group of students who moved into University of Washington residence¬†...,2026-01-22 07:19:44.115352
/watch?v=Xq1Xh4SCZt4&pp=ygUddW5pdmVyc2l0eSBvZiB3YXNoaW5ndG9uIGRvcm3SBwkJhwoBhyohjO8%3D,/@TimothyJoo,Tim Joo,UW Seattle | Day in the Life of a Freshman: Moving into Maple Hall!,8.1K,8 years,Moving into my new dorm! University of Washington Seattle Maple Hall! where i get my music¬†...,2026-01-22 07:19:44.117531
/watch?v=pu2ivgeyrBU&pp=ygUddW5pdmVyc2l0eSBvZiB3YXNoaW5ndG9uIGRvcm0%3D,/@rileyjosephpierce,riley pierce,(6 months later) freshman dorm tour @ university of washington,1.5K,1 year,thank you so much for watching my spring dorm tour! i hope this video answered any questions or wonderings you had regarding¬†...,2026-01-22 07:19:51.493156
/watch?v=tA7YC7bLFHg&pp=ygUddW5pdmVyc2l0eSBvZiB3YXNoaW5ndG9uIGRvcm0%3D,/@idkpayton,payton!,a day in the life of a sophomore at the university of washington üíú | alder hall dorm tour,1K,11 months,I followed quinlan around on another day in his life as a sophomore at the university of washington + visited chloe's dorm room at¬†...,2026-01-22 07:19:51.494617
/watch?v=cL-DN21SUWw&pp=ygUddW5pdmVyc2l0eSBvZiB3YXNoaW5ndG9uIGRvcm0%3D,/@Sincerelylaure,Sincerelylaure,COLLEGE MOVE IN DAY 2020 | University of Washington (freshman),26K,5 years,HEY HEY HEY   if you're reading this I hope you have a wonderful day! check out my description box for FREE coupon codes¬†...,2026-01-22 07:19:51.495918
/watch?v=CZdOwpS3ozU&pp=ygUddW5pdmVyc2l0eSBvZiB3YXNoaW5ndG9uIGRvcm0%3D,/@taaylor_n,Taylor Nguyen,college move in vlog + room tour | university of washington üíú,289,3 months,"hiii guys! come move into my college dorm with me! the process was super chaotic and stressful, but we made it!!! be sure to like,¬†...",2026-01-22 07:19:51.497166
/watch?v=ZLptqTABfko&pp=ygUddW5pdmVyc2l0eSBvZiB3YXNoaW5ndG9uIGRvcm0%3D,/@UWHFS,UWHFS,"UW HFS | McMahon Hall - Single Room, Semi-Private Bath 360¬∞ Tour",8.9K,5 years,Make sure you like and subscribe for more content coming soon! To learn more about University of Washington's Housing & Food¬†...,2026-01-22 07:19:51.498525
/watch?v=NLtLID6RUZA&pp=ygUddW5pdmVyc2l0eSBvZiB3YXNoaW5ndG9uIGRvcm0%3D,/@IvyAdmissionHelp,Ivy Admission Help,"Washington University in St. Louis: The pros, the cons, and how to get in.",10K,10 months,Want more insights on Washington University in St. Louis? Read my full article: https://www.biggreencollegeprep.com/washu¬†...,2026-01-22 07:19:51.500660
/watch?v=pUxcyyA7ta0&pp=ygUddW5pdmVyc2l0eSBvZiB3YXNoaW5ndG9uIGRvcm0%3D,/@UWHFS,UWHFS,UW HFS | McCarty Hall Virtual Tour,48K,7 years,For more information on McCarty Hall visit our website here: http://bit.ly/UWMcCartyHall Make sure you like and subscribe for¬†...,2026-01-22 07:19:51.502446
/watch?v=s6ro5F8DTac&pp=ygUddW5pdmVyc2l0eSBvZiB3YXNoaW5ndG9uIGRvcm0%3D,/@TiffanyBluee,Tiffany Blue,THE #1 COLLEGE DORM IN THE US TOURü§©üíñ @WASHU,8.7K,2 years,"Hi guys, Hope you enjoyed watching this video! Washington University in St. Louis Hope you guys enjoy, and if you do make sure¬†...",2026-01-22 07:19:51.503975
/watch?v=gL4WY8MVm-w&pp=ygUddW5pdmVyc2l0eSBvZiB3YXNoaW5ndG9uIGRvcm0%3D,/@universityofwashington,UW (University of Washington),UW welcomes students back to campus housing for fall 2025,1.3K,4 months,Read more at https://www.washington.edu/news/,2026-01-22 07:19:51.505337
/watch?v=Edf8i3Wpbp4&pp=ygUddW5pdmVyc2l0eSBvZiB3YXNoaW5ndG9uIGRvcm0%3D,/@seattle.a2fklesis,A2F UW & Klesis SeattleU,University of Washington Willow Hall Dorm Tour Part 1 (Dining Hall & Recreational Areas),15K,5 years,"We visited Savannah (an RA at Willow Hall at the University of Washington) and she showed us around her room, and Willow¬†...",2026-01-22 07:19:51.507207
/watch?v=RjHuOE-gIX8&pp=ygUddW5pdmVyc2l0eSBvZiB3YXNoaW5ndG9uIGRvcm3SBwkJhwoBhyohjO8%3D,/@KING5Seattle,KING 5 Seattle,UW students against private housing plans,2.4K,3 years,University of Washington students are protesting against plans to privatize student housing.,2026-01-22 07:19:51.508477
/watch?v=BPwcuRD5EWA&pp=ygUddW5pdmVyc2l0eSBvZiB3YXNoaW5ndG9uIGRvcm0%3D,/@UWHFS,UWHFS,UW HFS | Living Sustainably at the UW,1.5K,7 years,"To learn more about University of Washington's Housing & Food Services, visit our website here: https://hfs.uw.edu/ FACEBOOK¬†...",2026-01-22 07:19:51.510109
/watch?v=3SVtTKOEaA8&pp=ygUddW5pdmVyc2l0eSBvZiB3YXNoaW5ndG9uIGRvcm0%3D,/@UWHFS,UWHFS,UW HFS | Lander Hall Virtual Tour,60K,10 years,Learn more about Lander Hall: http://bit.ly/UWLanderHall To learn more about University of Washington's Housing & Food¬†...,2026-01-22 07:19:51.511303
/watch?v=XLeU-OUZhI8&pp=ygUddW5pdmVyc2l0eSBvZiB3YXNoaW5ndG9uIGRvcm3SBwkJhwoBhyohjO8%3D,/@UWHFS,UWHFS,UW HFS | Maple Hall Virtual Tour,61K,10 years,"Maple Hall, located in West Campus, features spacious rooms with configurable furniture, plenty of windows to let in natural light,¬†...",2026-01-22 07:19:51.512446
/watch?v=Qknwqv_zqtg&pp=ygUddW5pdmVyc2l0eSBvZiB3YXNoaW5ndG9uIGRvcm0%3D,/@KING5Seattle,KING 5 Seattle,UW campus growth master plan,260,7 years,KING 5's Chris Daniels reports.,2026-01-22 07:19:51.513708
/watch?v=mn1ajACvj98&pp=ygUddW5pdmVyc2l0eSBvZiB3YXNoaW5ndG9uIGRvcm3SBwkJhwoBhyohjO8%3D,/@KenoboMedia,KenoboMedia,"Off Campus Residences - Seattle, WA",5.9K,10 years,Affordable off-campus student housing at the University of Washington's University District.,2026-01-22 07:19:51.515015
/shorts/F_xmlJX2sH0,/@WSUPullman,WSU Pullman,Fall 2024 Housing & Move-in tips!,4K,1 year,"Some helpful residence hall & move-in tips from Sam, a @WSUPullman Residential Education Director you'll see in August!",2026-01-22 07:19:51.516281
/watch?v=-5Ra470sCxE&pp=ygUddW5pdmVyc2l0eSBvZiB3YXNoaW5ndG9uIGRvcm0%3D,/@unconventionals7165,Unconventionals,Dorm Tour | University of Washington,131K,9 years,Please don't forget to LIKE this video so that others like you can find this video! :) This is a tour of a dorm in University of¬†...,2026-01-22 07:19:51.518045
/watch?v=71HiE89aD5M&pp=ygUddW5pdmVyc2l0eSBvZiB3YXNoaW5ndG9uIGRvcm3SBwkJhwoBhyohjO8%3D,/@universityofwashington,UW (University of Washington),UW Move-in Day 2018,7.5K,7 years,Meet some of the #NewHuskies2018 moving into University of Washington residence halls for the first time and meet their¬†...,2026-01-22 07:19:51.519355
/watch?v=QGQv8vv4KQg&pp=ygUddW5pdmVyc2l0eSBvZiB3YXNoaW5ndG9uIGRvcm0%3D,/@universityofwashington,UW (University of Washington),Why come to the University of Washington?,1.4M,1 year,"Get to know the University of Washington, rated one of the top public universities in the world. Are you ready to be a Husky?",2026-01-22 07:20:00.262917
/watch?v=zMgJQASVsjM&pp=ygUddW5pdmVyc2l0eSBvZiB3YXNoaW5ndG9uIGRvcm0%3D,/@uwmadisonvirtualtour5372,UWMadisonVirtualTour,Housing,6.7K,5 years,"UW‚ÄìMadison offers dozens of housing options in two different neighborhoods, each with its own distinct vibe.",2026-01-22 07:20:00.264165
/watch?v=ZjVntWeuVHo&pp=ygUddW5pdmVyc2l0eSBvZiB3YXNoaW5ndG9uIGRvcm0%3D,/@universityofwashington,UW (University of Washington),2014 Move-in Day at the UW,20K,11 years,Follow brand-new University of Washington students Marisa & Paulo as they move into their rooms at some of the UW's newest¬†...,2026-01-22 07:20:00.265519
/watch?v=VWe8O8tMmMA&pp=ygUddW5pdmVyc2l0eSBvZiB3YXNoaW5ndG9uIGRvcm0%3D,/@udistricthousing1222,U District Housing,The Olympic House - Student Athlete Housing at UW,1.4K,2 years,The Olympic House is a first-of-its-kind living environment catered to the needs of the modern day collegiate Student Athlete in the¬†...,2026-01-22 07:20:00.266702
/watch?v=QpBvbpMrBAM&pp=ygUddW5pdmVyc2l0eSBvZiB3YXNoaW5ndG9uIGRvcm0%3D,/@wmtv15news,"WMTV | News, Weather & Sports",UW Madison residence halls kick off move-in days,378,2 years,"Twenty-one dorms, 9000 students, four days--UW Madison students are heading back to campus with Sunday marking the first¬†...",2026-01-22 07:20:00.267929
/watch?v=8Zp8FhpHyiQ&pp=ygUddW5pdmVyc2l0eSBvZiB3YXNoaW5ndG9uIGRvcm0%3D,/@KSDK,KSDK News,Washington University dorms ranked No. 1,1.6K,6 years,Washington University dorms ranked No. 1.,2026-01-22 07:20:00.271111
/watch?v=zZ0VNESpyjQ&pp=ygUddW5pdmVyc2l0eSBvZiB3YXNoaW5ndG9uIGRvcm0%3D,/@universityofwashington,UW (University of Washington),UW Move-in Day 2016,16K,9 years,Follow along as some of the #NewsHuskies2016 move into University of Washington residence halls for the first time and meet¬†...,2026-01-22 07:20:00.272440
/watch?v=Hsk5N7AMAQ0&pp=ygUddW5pdmVyc2l0eSBvZiB3YXNoaW5ndG9uIGRvcm0%3D,/@universityofmarywashington,University of Mary Washington,UMW Housing and Dining Agreements Available Soon!,1.5K,5 years,"If you know UMW is the place for you, take your next step and deposit. UMW Housing & Dining Agreements will be available to¬†...",2026-01-22 07:20:00.274037
/watch?v=aSSjMPIIM6c&pp=ygUddW5pdmVyc2l0eSBvZiB3YXNoaW5ndG9uIGRvcm0%3D,/@UWHFS,UWHFS,A Dawg's Vlog // Hannah 17 | Favorite Places to Study at UW,1.7K,5 years,"To learn more about University of Washington's Housing & Food Services, visit our website here: https://hfs.uw.edu/ FACEBOOK¬†...",2026-01-22 07:20:00.275314
/watch?v=7994TTWNajA&pp=ygUddW5pdmVyc2l0eSBvZiB3YXNoaW5ndG9uIGRvcm0%3D,/@Channel3000,Channel 3000 / News 3 Now,"With space tight, UW Housing gets creative",87,3 years,"With space tight, UW Housing gets creative.",2026-01-22 07:20:00.276910
/watch?v=zz1wxgcPNVk&pp=ygUddW5pdmVyc2l0eSBvZiB3YXNoaW5ndG9uIGRvcm0%3D,/@WISN,WISN 12 News,Who's enforcing COVID-19 quarantine at two UW dorms?,537,5 years,University of Wisconsin suspended in-person classes for two weeks and students living in two of the largest residence halls are¬†...,2026-01-22 07:20:00.278283
/watch?v=D8gTsFhGYq8&pp=ygUddW5pdmVyc2l0eSBvZiB3YXNoaW5ndG9uIGRvcm3SBwkJhwoBhyohjO8%3D,/@UWHFS,UWHFS,UW HFS | Nordheim Apartments Virtual Tour,34K,11 years,Learn more about Nordheim Apartments here: http://bit.ly/UWNordheim To learn more about University of Washington's Housing¬†...,2026-01-22 07:20:00.279479
/watch?v=ulMkyMI2iko&pp=ygUddW5pdmVyc2l0eSBvZiB3YXNoaW5ndG9uIGRvcm3SBwkJhwoBhyohjO8%3D,/@KING5Seattle,KING 5 Seattle,Sorority to pay University of Washington students $250k in relief for housing fees,1.7K,3 years,"Alpha Omicron Pi, a national sorority based out of Tennessee, charged the students thousands in 2020 and 2021, according to¬†...",2026-01-22 07:20:00.282417
/watch?v=VZSeUhwYzIE&pp=ygUddW5pdmVyc2l0eSBvZiB3YXNoaW5ndG9uIGRvcm0%3D,/@cecildaniels7,Cecil Daniels,Twins 1st Dorm Room Tour - University of Washington,266,5 years,I DO NOT OWN THIS MUSIC *,2026-01-22 07:20:00.283545
/watch?v=1DnTC8AWzRQ&pp=ygUddW5pdmVyc2l0eSBvZiB3YXNoaW5ndG9uIGRvcm0%3D,/@UWWHousing,UWW Housing,UWW Housing - Types of housing,471,5 years,Uw-Whitewater features 11 traditional residence halls one pod style hall one suite style hall and one campus operated. Apartment¬†...,2026-01-22 07:20:00.287766
/watch?v=PB_F6_g4zvM&pp=ygUddW5pdmVyc2l0eSBvZiB3YXNoaW5ndG9uIGRvcm0%3D,/@komonews,KOMO News,Student housing project at UW faces backlash over removal of 166 mature trees,2.9K,2 months,A backlash is brewing over a student housing project at the University of Washington that will clear out a significant number of¬†...,2026-01-22 07:20:00.289122
/watch?v=pt4_LzQ6QnU&pp=ygUddW5pdmVyc2l0eSBvZiB3YXNoaW5ndG9uIGRvcm0%3D,/@UWHFS,UWHFS,UW HFS | Local Point Tour,4.5K,6 years,"To learn more about University of Washington's Housing & Food Services, visit our website here: https://hfs.uw.edu/ FACEBOOK¬†...",2026-01-22 07:20:00.292293
/watch?v=xebrLMGJlN8&pp=ygUddW5pdmVyc2l0eSBvZiB3YXNoaW5ndG9uIGRvcm0%3D,/@universityofwashington,UW (University of Washington),UW Move-in Day 2017,16K,8 years,Meet some of the #NewHuskies2017 moving into University of Washington residence halls for the first time and meet their¬†...,2026-01-22 07:20:00.293609
/shorts/Pab1GTG3jMk,/@UWGBofficial,University of Wisconsin-Green Bay,UW-Green Bay: Must Pack Items,3.5K,2 years,We asked some Residential Mentors and Hall Managers for their must have items for living on campus at UW-Green Bay!,2026-01-22 07:20:00.294905
/watch?v=dNt1qnApngE&pp=ygUddW5pdmVyc2l0eSBvZiB3YXNoaW5ndG9uIGRvcm0%3D,/@its.valerie.e,Valerie E ‚ô°,"my freshman year dorm üß∏‡æÄ‡Ω≤‚Äé‚ô°‚Äß | university of washington dorm tour, mccarty hall",115,1 month,‡≠≠  ‡æÄ‡Ω≤‚Äé‚ô°‚ÄßÀö  ‚úßÀö.  *:ÔΩ• the dorm tour is finally here! this video took way too long to edit considering it was only 2 and a half¬†...,2026-01-22 07:20:00.296877
/shorts/vUObnZII6mU,/@BestCollegeAidUSA,Best College Aid in English,Guaranteed Admissions at Washington State University #Shorts #CampusTour,41K,3 years,Guaranteed Admissions at Washington State University Washington State University offers assured admissions to students.,2026-01-22 07:20:08.526723
/watch?v=Oczo_ozKZ60&pp=ygUddW5pdmVyc2l0eSBvZiB3YXNoaW5ndG9uIGRvcm0%3D,/@UWWHousing,UWW Housing,U-DUB-DUB IN THE HOUSE: Ashley and Rachel - Knilans,2.2K,9 years,Voting will be open April 18-April 28th. Voting Link at http://www.easypolls.net/poll.html?p=57144d4ee4b0063be9e5840f And will¬†...,2026-01-22 07:20:08.527893
/watch?v=BlKkZ8vnSZU&pp=ygUddW5pdmVyc2l0eSBvZiB3YXNoaW5ndG9uIGRvcm3SBwkJhwoBhyohjO8%3D,/@UWHFS,UWHFS,UW HFS | Hansee Hall - 3 Person Suite 360¬∞ Tour,9.5K,5 years,Move your phone or click and drag your mouse left/right/up/down on the video to view the room in 360¬∞. As the video progresses it¬†...,2026-01-22 07:20:08.530888
/shorts/5tFbbQ8P618,/@UWStoutHousing,UW-Stout | University Housing,"Things in a Residence Hall Room - A UW-Stout, Housing Tik Tok",2.4K,5 years,Here is the official list of the standard-issue items you'll find in your residence hall room when you first move-in!,2026-01-22 07:20:08.533244
/watch?v=Y1LNQA6HFEY&pp=ygUddW5pdmVyc2l0eSBvZiB3YXNoaW5ndG9uIGRvcm0%3D,/@Channel3000,Channel 3000 / News 3 Now,Dorm move in at UW-Madison,67,4 months,College students are moving into the dorms at UW-Madison.,2026-01-22 07:20:08.534504
/watch?v=hFeh69aIPss&pp=ygUddW5pdmVyc2l0eSBvZiB3YXNoaW5ndG9uIGRvcm0%3D,/@uwhousing,UW-Madison Housing,#LiveWithBucky Tours: Residence Halls,13K,2 years,Join UW-Madison University Housing Ambassador Suzy as she takes you on a #LiveWithBucky Tour of the University Residence¬†...,2026-01-22 07:20:08.535684
/watch?v=XLeU-OUZhI8&pp=ygUddW5pdmVyc2l0eSBvZiB3YXNoaW5ndG9uIGRvcm0%3D,/@UWHFS,UWHFS,UW HFS | Maple Hall Virtual Tour,61K,10 years,"Maple Hall, located in West Campus, features spacious rooms with configurable furniture, plenty of windows to let in natural light,¬†...",2026-01-22 07:20:08.536881
/shorts/5AqEwCwECUc,/@UTchannel,UTampa Video Channel,3 College Dorm Essentials,512K,1 year,If you're an incoming freshman coming to college you know that you need a mattress topper but here are three dorm Essentials¬†...,2026-01-22 07:20:08.539284
/watch?v=RvfoxFJkVz0&pp=ygUddW5pdmVyc2l0eSBvZiB3YXNoaW5ndG9uIGRvcm3SBwkJhwoBhyohjO8%3D,/@27NewsWKOW,WKOW 27 NEWS,UW Students Told to Quarantine in Two Dorms,28,5 years,upLynk Clip.,2026-01-22 07:20:08.540591
/watch?v=PceuSD7syMs&pp=ygUddW5pdmVyc2l0eSBvZiB3YXNoaW5ndG9uIGRvcm0%3D,/@UWHFS,UWHFS,UW HFS | How To Move In To The UW,40K,3 years,"To learn more about University of Washington's Housing & Food Services, visit our website here: https://hfs.uw.edu/ FACEBOOK¬†...",2026-01-22 07:20:08.541642
/watch?v=1k7FvX7D45k&pp=ygUddW5pdmVyc2l0eSBvZiB3YXNoaW5ndG9uIGRvcm0%3D,/@UWTacomaExtended,UW Tacoma Extended,Court 17 Building Tour Summer 2021 / UW Tacoma,4.5K,4 years,https://www.tacoma.uw.edu/housing --- The University of Washington Tacoma / Be Boundless Website: http://www.tacoma.uw.edu¬†...,2026-01-22 07:20:08.543417
/watch?v=XZYdEuN55Zc&pp=ygUddW5pdmVyc2l0eSBvZiB3YXNoaW5ndG9uIGRvcm0%3D,/@RealCharlieKirk,Charlie Kirk,I go to the University of Washington to Prove it's a Scam,705K,1 year,"For daily episodes, insight, and analysis like this, SUBSCRIBE to The Charlie Kirk Show TODAY: https://apple.co/2VCxGsh And¬†...",2026-01-22 07:20:08.544480
/watch?v=Q_r1kn_Rz0Q&pp=ygUddW5pdmVyc2l0eSBvZiB3YXNoaW5ndG9uIGRvcm0%3D,/@UWVideo,UW Video,Denny Hall Remodel,1.1K,9 years,It is one of the iconic symbols of the University of Washington. Denny Hall has hosted college classes for more than 120 years.,2026-01-22 07:20:08.545616
/watch?v=Aclmg4E7628&pp=ygUddW5pdmVyc2l0eSBvZiB3YXNoaW5ndG9uIGRvcm0%3D,/@Fox11online,WLUK-TV FOX 11,Move-in day at UW Oshkosh's newest dorm,3.2K,13 years,It's the newest dorm on the UW Oshkosh campus. So new students say they can still smell the fresh paint.,2026-01-22 07:20:08.546832
/watch?v=lN7mnmijW8w&pp=ygUddW5pdmVyc2l0eSBvZiB3YXNoaW5ndG9uIGRvcm0%3D,/@bayvlogs8945,Bay vlogs,My college dorm tour!!/ University of Washington,5K,8 years,Here is a tour of my dorm here in Haggett hall at the UW!,2026-01-22 07:20:08.548756
/watch?v=HmKKy0zD-uw&pp=ygUPdXcgc3R1ZGVudCBsaWZl,/@hafu,Hafu Go,What's It Like Inside University of Washington? | UW Campus Crawl Tour,467K,5 years,"I'll show you the student life, campus culture, and interesting traditions each school has to offer. Hopefully, it'll inspire you to go¬†...",2026-01-22 07:20:24.337007
/watch?v=cnn4MZZ5H_A&pp=ygUPdXcgc3R1ZGVudCBsaWZl,/@idkpayton,payton!,a day in the life of a university of washington student üíú | mcmahon hall dorm tour!,26K,1 year,big thank you to quinlan for taking me along with him to uni for the day and emberlee for showing me her dorm in mcmahon hall!!,2026-01-22 07:20:24.338717
/watch?v=eArtrDFSF24&pp=ygUPdXcgc3R1ZGVudCBsaWZl,/@TaylorQuynh,Taylor Quynh,Pros and Cons of the University of Washington,59K,4 years,A quick video on some of the pros and cons I've found at the UW over the past two years. Please make sure to like and subscribe!,2026-01-22 07:20:24.340732
/watch?v=64eaz6VlAlI&pp=ygUPdXcgc3R1ZGVudCBsaWZl,/@lucylee13,Lucy Lee,week in my life as a grad student in seattle | university of washington,32K,2 years,"shop my favorite long-lasting, affordable jewelry starting at $39! Click here: https://shop.analuisa.com/mb-lucylee #analuisany¬†...",2026-01-22 07:20:24.342356
/watch?v=imvhp7RWuG8&pp=ygUPdXcgc3R1ZGVudCBsaWZl,/@dobochobo,dobochobo,"college life vlog üå∏‚òîÔ∏è spring classes, cherry blossoms, & tips from a UW student!",470K,3 years,click on the link to shop my glasses and get 65% off your first pair! https://glassesusa.me/Dobochobo_GlassesUSA Ottoto Bellona:¬†...,2026-01-22 07:20:24.344525
/watch?v=g--93OS0498&pp=ygUPdXcgc3R1ZGVudCBsaWZl,/@nancyhe,Nancy He ‰ΩïÂçóÂ∏å,DAY IN MY LIFE @ the University of Washington // freshman,37K,3 years,"dayinthelife #universityofwashington #collegevlog welcome everyone to, I think, my favorite video I've ever filmed/edited ever!",2026-01-22 07:20:24.346014
/watch?v=SL2UShYOamc&pp=ygUPdXcgc3R1ZGVudCBsaWZl,/@lucylee13,Lucy Lee,"week in my life as a UW grad student | msw classes, internship, seattle vlog",4K,1 year,"shop my favorite long-lasting, affordable jewelry starting at $39! Click here: https://shop.analuisa.com/mb-lucylee #analuisany¬†...",2026-01-22 07:20:24.347255
/watch?v=Crc8BhZ0WcQ&pp=ygUPdXcgc3R1ZGVudCBsaWZl,/@NataliaReneee,Natalia Renee,Day in the Life as a Freshman at The University of Washington! *2025*,4.4K,9 months,spend a day with me to get insight on what it's like attending the University of Washington   socials: insta: @nataliarnandez I¬†...,2026-01-22 07:20:24.348467
/watch?v=etRZCmYa1bw&pp=ygUPdXcgc3R1ZGVudCBsaWZl,/@dobochobo,dobochobo,first week of college üçµ‚òîÔ∏è as a senior @ university of washington!,187K,2 years,"check out SigmaOS https://go.sigmaos.com/dobochobo a week of settling in, trying to get back into the groove of college life,¬†...",2026-01-22 07:20:24.350536
/watch?v=pM60H-zyOmY&pp=ygUPdXcgc3R1ZGVudCBsaWZl,/@KmoneyTooClever,KmoneyTooClever,Day in the Life of a College Student‚Ä¶ | University of Washington,24K,1 year,"Day in the life of a College student and an Entrepreneur‚Ä¶ I hope y'all enjoyed the video, if you enjoyed the video... like, if you¬†...",2026-01-22 07:20:24.351901
/watch?v=wk8X2giqWM0&pp=ygUPdXcgc3R1ZGVudCBsaWZl,/@KiaraMadisen,Kiara Madisen,"Life as a UW Student in Seattle, WA | ft. Kam Schalk",76K,4 years,Finally got to live out my dream of exploring life as a student at my rival university! Kam and I reunite for the best 24 hour trip full of¬†...,2026-01-22 07:20:24.353517
/watch?v=oQlAYYVf2aU&pp=ygUPdXcgc3R1ZGVudCBsaWZl,/@nicoleayn.s,Nicole Ayn,"uw student life update: internship, study abroad, podcast, going to pike place!",1.2K,4 years,Hey everyone! It's been so long since I last posted but here's finally an update on my life as a junior in Industrial Engineering at the¬†...,2026-01-22 07:20:24.355412
/watch?v=Ak0kd3_xZ9E&pp=ygUPdXcgc3R1ZGVudCBsaWZl,/@varunshinde1,Varun Shinde,A Day In The Life Of An Engineering Student | University of Washington,640,1 year,"A day in the life of an engineering student. Don't roast me too hard, this is my first video :)",2026-01-22 07:20:24.356647
/watch?v=jW_aLch4NVg&pp=ygUPdXcgc3R1ZGVudCBsaWZl,/@SeattlestheCity4K,Seattle's the City! Walking Tours and Events,4K UW Campus Walking Tour | University of Washington First Day of School 2025 #seattle #fall #uw,807,3 months,Join me for a 4K walking tour of the University of Washington (UW) campus in Seattle on the first day of school 2025!,2026-01-22 07:20:24.357903
/watch?v=VNd2o9KntO0&pp=ygUPdXcgc3R1ZGVudCBsaWZl,/@aylahandmorgan,Aylah & Morgan,College Day in My Life | as a freshman at uw-madison,538,2 months,Come with me on a typical day in my life at the University of Wisconsin - Madison! Music Credits massobeats - gift massobeats¬†...,2026-01-22 07:20:24.359101
/watch?v=111QfcLfRPI&pp=ygUPdXcgc3R1ZGVudCBsaWZl,/@AnaPaulaAlcantar,Ana Paula Alcantar,DAY IN THE LIFE AT UW-MADISON | college freshman | college diaries ep. 15,6.2K,1 year,For all of you looking to possibly come to uw-madison or for those of you who are just pumped to be coming here soon...I hope this¬†...,2026-01-22 07:20:24.360361
/watch?v=h3Km-5cbHM4&pp=ygUPdXcgc3R1ZGVudCBsaWZl,/@MichelNadia,Michel Nadia,first day of school | University of Washington,9.6K,2 years,"This is a very short video, but I just wanted to show you guys how my first day went, and I will definitely post more about UW in the¬†...",2026-01-22 07:20:24.361599
/watch?v=4-qKi0GCqEM&pp=ygUPdXcgc3R1ZGVudCBsaWZl,/@christineelee,christine lee,a week in my life at the university of washington !! :)),36K,5 years,"hello !! i'm christine, a freshman at uw studying business administration :)) who knew that the week that i filmed this would be the¬†...",2026-01-22 07:20:24.366066
/watch?v=7fL-jJCb_a8&pp=ygUPdXcgc3R1ZGVudCBsaWZl,/@nicoleayn.s,Nicole Ayn,a day in the life of a university of washington engineering student!,42K,6 years,hi there! here's a sneak peek of my daily life as a university of washington engineering student. hope you enjoy! ‚Äî socials ig:¬†...,2026-01-22 07:20:32.160715
/watch?v=69EWRe_OqvM&pp=ygUPdXcgc3R1ZGVudCBsaWZl,/@universityofwashington,UW (University of Washington),Be Boundless: Husky Experience,223K,8 years,"The University of Washington combines outstanding teaching with opportunities like service learning, cutting-edge research, and¬†...",2026-01-22 07:20:32.171776
/shorts/orpXEcgd0Yg,/@YudiJ,Yudi J,Most Indian Students Study in these US Universities.,560K,2 years,Get a Non-Collateral Loan For your education abroad from Prodigy Finance (I highly Recommend): http://bit.ly/2OHErb7 Become¬†...,2026-01-22 07:20:32.172987
/shorts/6PFnyOXuGy8,/@uwmadison,UW-Madison,Students on the Street: What's underrated about UW‚ÄìMadison?,5.8K,9 months,We asked Badgers what they think the most underrated thing about UW‚ÄìMadison is. What is your answer?,2026-01-22 07:20:32.178457
/watch?v=22JrFfv-TAs&pp=ygUPdXcgc3R1ZGVudCBsaWZl,/@UWFlexibleOption,University of Wisconsin Flexible Option,"Student Story | Meet Carla Lundeen, an RN Keeping Work, Life, and School in Balance",13K,11 years,"See how the competency-based, UW Flexible Option is helping one adult student earn her bachelor's degree, while working¬†...",2026-01-22 07:20:32.179635
/watch?v=T7T87LRNJg8&pp=ygUPdXcgc3R1ZGVudCBsaWZl,/@DanhLuong,Danh Luong,A day in my life at the University of Washington | Computer Science major | Cherry Blossom at UW,39K,3 years,[ENGSUB] [VIETSUB] I went back to the University of Washington to meet up with some friends and enjoy student life once again.,2026-01-22 07:20:32.181353
/watch?v=yaTHRtpWtxs&pp=ygUPdXcgc3R1ZGVudCBsaWZl,/@ryankw0n,Ryan Kwon,A Day in the Life of a University of Wisconsin-Madison Student,55K,2 years,"Follow me as I demonstrate a pretty typical day in the life of a college student enrolled at UW-Madison! As you'll hear, I was¬†...",2026-01-22 07:20:32.187094
/shorts/iDH7GOSoq2k,/@anand-ice,Anand International College of Engineering,student life üòÇ #funny #comedy #hostellife #funnyshorts #new #memes #memes #trending #trends,4.1M,8 months,When you are a student there are different things that may keep you down but always keep looking forward with a smile .,2026-01-22 07:20:32.189406
/shorts/8h-1B65Z46w,/@UTchannel,UTampa Video Channel,What it is like moving into your first college room‚Ä¶,8.9M,1 year,... I helped him choose this bed all right now that your parents are here I'm going to leave good luck with your school year bye bye.,2026-01-22 07:20:32.190564
/shorts/0IblOmmwPaA,/@iapstudyabroad,UW-Madison Study Abroad,UW Global Launch in London: A Snapshot of Daily Life,110,1 year,Students from the 24-25 UW Global Launch cohort show us a snapshot of their daily life.,2026-01-22 07:20:39.778796
/watch?v=vxiUtd8eGsE&pp=ygUPdXcgc3R1ZGVudCBsaWZl,/@UWContinuingEd,UWContinuingEd,UW in the High School,237,6 years,"[Vicki] Our students, many of them want to stay on campus and they want to enjoy the campus life of being a high school student¬†...",2026-01-22 07:20:39.782280
/shorts/8LswxD-ckeU,/@ultimateivyleagueguide,Elise Pham,HARVARD PRE-MED *REALISTIC* DAY-IN-MY-LIFE,6M,2 years,Brutally realistic Harvard finals week! ‚Ä¢ Don't miss out on the Ultimate Ivy League Guide Holiday Sale ‚Äì 50% off ALL EBOOKS¬†...,2026-01-22 07:20:39.784212
/watch?v=MH-s-0v1zdw&pp=ygUPdXcgc3R1ZGVudCBsaWZl,/@CollegeWest,CollegeWest,University of Washington-campus life,4.6K,16 years,"Jocelyn, a student at UW, talks about campus life.",2026-01-22 07:20:39.785896
/shorts/d6KdMCjb4VM,/@apollolsat,Apollo Test Prep,Day in the life of a Harvard Law Student,82K,10 months,"Join us for the day as @harvardlaw student and Apollo Ambassador Bert takes on classes, the gym, readings and more!",2026-01-22 07:20:39.787237
/watch?v=T7kyZ5z6Evg&pp=ygUPdXcgc3R1ZGVudCBsaWZl,/@universityofwashington,UW (University of Washington),Peer Health Educators help students meet life's challenges,1.3K,4 years,"Workshops can be requested for UW students by anyone ‚Äî faculty, staff, students, registered student organizations or¬†...",2026-01-22 07:20:39.788588
/watch?v=UlgIk53Wif8&pp=ygUPdXcgc3R1ZGVudCBsaWZl,/@universityofwashington,UW (University of Washington),UW new student convocation goes virtual,986,5 years,"University of Washington faculty member Ian Schnee, associate teaching professor in the Department of Philosophy, was the¬†...",2026-01-22 07:20:39.789913
/shorts/haRj3F6o9KA,/@OneVoicetube,One Voice,University Of Washington - Tour #humanity #history #inspiration #lifestories #uw #seattle,138,4 months,... #ViralFun #ViralVibes #ViralSuccess #University #CollegeLife #CampusVibes #StudentLife #HigherEducation #UniExperience¬†...,2026-01-22 07:20:39.791341
/watch?v=5QZd720pOj0&pp=ygUPdXcgc3R1ZGVudCBsaWZl,/@UWUAA,UW Undergraduate Academic Affairs,UW CLUE tutoring services for students,136,6 years,"The University of Washington's Center for Learning and Undergraduate Enrichment, also known as CLUE, is a free¬†...",2026-01-22 07:20:39.792518
/watch?v=1K4s2igrmDY&pp=ygUPdXcgc3R1ZGVudCBsaWZl,/@universityofwashington,UW (University of Washington),Jermaine Kearse: Washington Husky for Life!,13K,11 years,"Over the summer, we invited UW alum and Seahawks wide receiver Jermaine Kearse back to campus to share his memories of¬†...",2026-01-22 07:20:39.793806
/watch?v=D4R-YZ-VZhQ&pp=ygUPdXcgc3R1ZGVudCBsaWZl,/@adamgresch,Adam Gresch,Why You Should Go to the University of Washington,164K,7 years,A peek into what actually makes the University of Washington such a great place to go to school. Hint: It's not all the usual stuff you¬†...,2026-01-22 07:20:39.794994
/watch?v=IP3p9s1GsJM&pp=ygUPdXcgc3R1ZGVudCBsaWZl,/@auwfilms,auwfilms,Faculty Focus: Student Life,807,7 years,AUW faculty discuss clubs and ways to get involved in extracurricular activities.,2026-01-22 07:20:39.796116
/shorts/Cb3Xrujo7ig,/@Pakskimo,Pakskimo,A day in the life of an UW Med Lab student ü´¢,3.9K,1 year,My favorite class is labs! How about you?,2026-01-22 07:20:39.797327
/shorts/nLktHXYcJFw,/@kingspremiumuniversitiesUSA,Kings Premium Universities,Guiding International Students at UW-Stout! üéì,74,11 months,"Pamela Onchuck, Academic Director of the ESLI Institute at UW-Stout, shares what makes the university a welcoming and¬†...",2026-01-22 07:20:39.799001
/shorts/zdgyGdd7TH8,/@goharsguide,Gohar Khan,High School vs. College,7.9M,4 years,I'll edit your college essay! https://nextadmit.com.,2026-01-22 07:20:39.800307
/watch?v=jrSUER76kMg&pp=ygUPdXcgc3R1ZGVudCBsaWZl,/@studyabroadconsultant,Converge Study Abroad,Accommodation at University of Washington |  University of Washington Student Life,143,4 years,"Meet Akshay, a Collegepond Alumnus and graduate of University of Washington. He shares with you crucial firsthand information¬†...",2026-01-22 07:20:39.801469
/shorts/YJJ6P4lcUc4,/@wsuvancouver,Washington State University Vancouver,Get to Know Washington State University Vancouver,1.8K,3 years,"Vancouver is boring,‚Äù said no Coug ever. Don't miss out! Be a Coug. At WSU Vancouver, we offer degrees for in-demand careers.",2026-01-22 07:20:39.802582
/watch?v=Max75YRuPPw&pp=ygUPdXcgc3R1ZGVudCBsaWZl,/@UWMadisonPharmacy,UWMadisonPharmacy,How the UW‚ÄìMadison School of Pharmacy Lives Up to its Reputation as a Top 10 Program,269,2 years,Where you earn your PharmD degree matters. The University of Wisconsin‚ÄìMadison School of Pharmacy is ranked among the 10¬†...,2026-01-22 07:20:39.803744
/shorts/pO3xNvUkAqU,/@ashtonherndon,Ashton Herndon,How Harvard Students Got Into Harvard  #harvard #college #university #collegeadmissions,366K,1 year,So obviously you got into Harvard which means you had some pretty good high school scores so what was your GPA your test¬†...,2026-01-22 07:20:39.804956
/shorts/vGMHoZt2aME,/@HomeProAssociates,HomePro Associates,Visiting University of Washington Bothell Campus!,1.2K,1 year,"Exploring the vibrant campus life at University of Washington Bothell! From scenic views to bustling student hubs, there's so¬†...",2026-01-22 07:20:49.282746
/shorts/FKgLbH7eV10,/@UWGBofficial,University of Wisconsin-Green Bay,Life as a UW-Green Bay RN to BSN student,385,2 years,See what life is like for an RN to BSN student at UW-Green Bay. Learn more about the RN to BSN program:¬†...,2026-01-22 07:20:49.284114
/watch?v=Biu_bav7hRQ&pp=ygUPdXcgc3R1ZGVudCBsaWZl,/@BadgerTalks,Badger Talks,Welcome to UW's Multicultural Student Center!,133,Streamed 3 years,"Learn about how UW-Madison's Multicultural Student Center (MSC) has been centering, affirming and supporting multicultural¬†...",2026-01-22 07:20:49.287816
/watch?v=Qkk8C6r8yq0&pp=ygUPdXcgc3R1ZGVudCBsaWZl,/@kennakwok.,Kenna Kwok,COLLEGE WEEK IN MY LIFE - first week of winter quarter @ UW,11K,4 years,Follow along for my first week of winter quarter classes at the University of Washington! I'm loving it so far here - don't forget to¬†...,2026-01-22 07:20:49.289820
/watch?v=FhahTQgvCEo&pp=ygUPdXcgc3R1ZGVudCBsaWZl0gcJCYcKAYcqIYzv,/@DowntownMadison,DowntownMadison,DMI Quality of Life Committee: Presentation on UW Students Experience,16,1 year,... families earlier this week um asked about the primary quality of life issues that are affecting their student or that they're thinking¬†...,2026-01-22 07:20:49.290942
/shorts/gGiYMJI1Abg,/@goharsguide,Gohar Khan,A Day in the Life of a Biology Major,3.2M,2 years,Join my Discord server: https://discord.gg/gohar I'll edit your college essay: https://nextadmit.com/services/essay/ Get into¬†...,2026-01-22 07:20:49.292063
/watch?v=KFawHT1eIx8&pp=ygUPdXcgc3R1ZGVudCBsaWZl,/@uw-madisonmdtp5735,UW-Madison MDTP,Life as a Bioscience Grad Student at UW Madison,502,5 years,Learn more about being a part of a grad program in the biosciences at UW-Madison!,2026-01-22 07:20:49.295193
/watch?v=SgFdTaV1_04&pp=ygUPdXcgc3R1ZGVudCBsaWZl,/@TaylorQuynh,Taylor Quynh,How I Got Into UW Seattle as an Out of State Student: High School Stats + Application,23K,4 years,I applied to UW in 2019 as an out of state student. I grew up in Seattle so UW was my dream school and I am so happy here!,2026-01-22 07:20:49.296818
/watch?v=HhWXcq0kMKY&pp=ygUPdXcgc3R1ZGVudCBsaWZl,/@UWStevensPoint,UW-Stevens Point,Explore UWSP,3.3K,1 year,UWSP promotional video.,2026-01-22 07:20:49.299002
/shorts/Qs9dmYwJzCE,/@ultimateivyleagueguide,Elise Pham,how I prepare for classes (4.0 GPA Harvard pre-med),2.3M,1 year,"Hello! My name is Elise, I am a Pre-Med student at Harvard University, 5-Star College Admissions Counselor, and full-time¬†...",2026-01-22 07:20:49.303585
/watch?v=APubQyaK7a0&pp=ygUPdXcgc3R1ZGVudCBsaWZl,/@UWHillel,UWHillel,UW Hillel - Barbara Hochberg Center for Jewish Student Life,1.3K,17 years,The Barbara Hochberg Center for Jewish Student Life-Opening Spring of 2009! View video to learn more.,2026-01-22 07:20:49.305706
/shorts/zaGOcJwyAwA,/@uwwhitewater,University of Wisconsin-Whitewater,Warhawks SOAR #uwwhitewater #SOAR,256,7 months,We're excited to keep welcoming new Warhawks at SOAR! Our First Year Experience team is here to guide you through an¬†...,2026-01-22 07:20:49.306786
/watch?v=PB_F6_g4zvM&pp=ygUPdXcgc3R1ZGVudCBsaWZl0gcJCYcKAYcqIYzv,/@komonews,KOMO News,Student housing project at UW faces backlash over removal of 166 mature trees,2.9K,2 months,A backlash is brewing over a student housing project at the University of Washington that will clear out a significant number of¬†...,2026-01-22 07:20:49.307909
/watch?v=NxaRWSmoBJo&pp=ygUPdXcgc3R1ZGVudCBsaWZl,/@universityofwyoming,University of Wyoming,Andrea Sanchez Walk || UW Student Profile,1.3K,8 years,"Being hungry for days on end is a feeling one never forgets. That's why Andrea Sanchez-Walk, a full-time pre-med student at UW,¬†...",2026-01-22 07:20:49.312068
/shorts/wTqfXmE0wPA,/@Nichesocial,Niche: The College Search App,Asking WashU Students: What Was Your High School GPA and/or ACT/SAT Score?,12K,1 year,Students at Washington University in St. Louis share their high school GPAs and SAT/ACT scores! #WashU #GPA #HighSchool¬†...,2026-01-22 07:20:49.313251
/watch?v=R5qiam_wUSU&pp=ygUPdXcgc3R1ZGVudCBsaWZl,/@kennakwok.,Kenna Kwok,UW COLLEGE WEEK IN MY LIFE - SPRING QUARTER,2.5K,4 years,Hey guys! Follow along for our first exciting weeks of spring quarter at the University of Washington! I finally got to see the cherry¬†...,2026-01-22 07:20:49.315155
